3833,"pilots"
7846,"flight attendants"
8400,"reservation clerks"
8456,"airport check-in"
8810,"gate personnel"
6454,"security guards"
5910,"pilots"
1183,"flight attendants"
3502,"reservation clerks"
4692,"airport check-in"
8969,"gate personnel"
4964,"security guards"
3142,"pilots"
4661,"flight attendants"
8294,"reservation clerks"
8708,"airport check-in"
1872,"gate personnel"
2178,"security guards"
7956,"pilots"
6462,"flight attendants"
9095,"reservation clerks"
2424,"airport check-in"
4951,"gate personnel"
5535,"security guards"
9532,"pilots"
2746,"flight attendants"
7112,"reservation clerks"
8603,"airport check-in"
9966,"gate personnel"
6821,"security guards"
2487,"pilots"
3241,"flight attendants"
3076,"reservation clerks"
3696,"airport check-in"
8587,"gate personnel"
5043,"security guards"
3147,"pilots"
8645,"flight attendants"
5120,"reservation clerks"
9305,"airport check-in"
4772,"gate personnel"
6801,"security guards"
8607,"pilots"
2625,"flight attendants"
4573,"reservation clerks"
3548,"airport check-in"
4019,"gate personnel"
1813,"security guards"
9727,"pilots"
6684,"flight attendants"